model,material,structure,property,unit,predicted,reference,rel_err,rel_err_pct
chgnet,Ag,fcc,a0,Angstrom,4.155999945,4.149,0.00168714,0.1687
chgnet,Ag,fcc,B0,GPa,78.72059251,110.9,-0.290166,-29.0166
chgnet,Ag,fcc,B0_prime,dimensionless,8.291886704,5.7,0.454717,45.4717
chgnet,Ag,fcc,vacancy_formation_energy,eV,0.493085508,0.68,-0.274874,-27.4874
chgnet,Ag,fcc,gamma_100,J/m^2,0.5578058655,0.81,-0.311351,-31.1351
chgnet,Ag,fcc,gamma_110,J/m^2,0.6253357239,0.866,-0.277903,-27.7903
chgnet,Ag,fcc,gamma_111,J/m^2,0.4827768,0.773,-0.37545,-37.5450
chgnet,Ag,fcc,stacking_fault_energy,mJ/m^2,18.44379679,17.26,0.0685861,6.8586
chgnet,Ag,fcc,cohesive_energy,eV/atom,2.282874637,,,
chgnet,Al,fcc,a0,Angstrom,4.041377246,4.041,9.33547e-05,0.0093
chgnet,Al,fcc,B0,GPa,54.18774711,79.4,-0.317535,-31.7535
chgnet,Al,fcc,B0_prime,dimensionless,20.18568398,4.16,3.85233,385.2328
chgnet,Al,fcc,vacancy_formation_energy,eV,0.137155886,0.61,-0.775154,-77.5154
chgnet,Al,fcc,gamma_100,J/m^2,0.4774579542,0.915,-0.478188,-47.8188
chgnet,Al,fcc,gamma_110,J/m^2,0.5168764697,0.977,-0.470956,-47.0956
chgnet,Al,fcc,gamma_111,J/m^2,0.3731933695,0.795,-0.530574,-53.0574
chgnet,Al,fcc,stacking_fault_energy,mJ/m^2,8.209839315,117.54,-0.930153,-93.0153
chgnet,Al,fcc,cohesive_energy,eV/atom,3.233062349,,,
chgnet,Au,fcc,a0,Angstrom,4.169836308,4.157,0.00308788,0.3088
chgnet,Au,fcc,B0,GPa,123.2609421,180.9,-0.318624,-31.8624
chgnet,Au,fcc,B0_prime,dimensionless,8.352663342,5.47,0.526995,52.6995
chgnet,Au,fcc,vacancy_formation_energy,eV,0.3000208537,0.4,-0.249948,-24.9948
chgnet,Au,fcc,gamma_100,J/m^2,0.4238192947,0.861,-0.507759,-50.7759
chgnet,Au,fcc,gamma_110,J/m^2,0.4459559307,0.827,-0.460755,-46.0755
chgnet,Au,fcc,gamma_111,J/m^2,0.3550144726,0.742,-0.521544,-52.1544
chgnet,Au,fcc,stacking_fault_energy,mJ/m^2,17.51794921,32.69,-0.464119,-46.4119
chgnet,Au,fcc,cohesive_energy,eV/atom,2.352992397,,,
chgnet,Ca,fcc,a0,Angstrom,5.526285504,5.527,-0.000129274,-0.0129
chgnet,Ca,fcc,B0,GPa,16.99046708,18.4,-0.076605,-7.6605
chgnet,Ca,fcc,B0_prime,dimensionless,0.6392768684,,,
chgnet,Ca,fcc,vacancy_formation_energy,eV,0.7508121067,1.13,-0.335565,-33.5565
chgnet,Ca,fcc,gamma_100,J/m^2,0.3608239421,0.458,-0.212175,-21.2175
chgnet,Ca,fcc,gamma_110,J/m^2,0.4018018891,0.542,-0.258668,-25.8668
chgnet,Ca,fcc,gamma_111,J/m^2,0.295919772,0.461,-0.358092,-35.8092
chgnet,Ca,fcc,stacking_fault_energy,mJ/m^2,0,,,
chgnet,Ca,fcc,cohesive_energy,eV/atom,1.933348785,,,
chgnet,Cu,fcc,a0,Angstrom,3.615913564,3.631,-0.0041549,-0.4155
chgnet,Cu,fcc,B0,GPa,155.236076,142.3,0.0909071,9.0907
chgnet,Cu,fcc,B0_prime,dimensionless,4.201325258,4.91,-0.144333,-14.4333
chgnet,Cu,fcc,vacancy_formation_energy,eV,0.7122497559,1.07,-0.334346,-33.4346
chgnet,Cu,fcc,gamma_100,J/m^2,1.017851865,1.468,-0.30664,-30.6640
chgnet,Cu,fcc,gamma_110,J/m^2,1.124549547,1.561,-0.279597,-27.9597
chgnet,Cu,fcc,gamma_111,J/m^2,0.8358080603,1.314,-0.363921,-36.3921
chgnet,Cu,fcc,stacking_fault_energy,mJ/m^2,-28.48873367,47.45,-1.60039,-160.0395
chgnet,Cu,fcc,cohesive_energy,eV/atom,3.433901253,,,
chgnet,Ni,fcc,a0,Angstrom,3.503533153,3.518,-0.00411224,-0.4112
chgnet,Ni,fcc,B0,GPa,206.3216216,187.6,0.0997954,9.9795
chgnet,Ni,fcc,B0_prime,dimensionless,4.659462094,4.83,-0.0353081,-3.5308
chgnet,Ni,fcc,vacancy_formation_energy,eV,1.227378563,1.39,-0.116994,-11.6994
chgnet,Ni,fcc,gamma_100,J/m^2,1.95226261,2.208,-0.115823,-11.5823
chgnet,Ni,fcc,gamma_110,J/m^2,2.064724698,2.286,-0.0967958,-9.6796
chgnet,Ni,fcc,gamma_111,J/m^2,1.721050375,1.924,-0.105483,-10.5483
chgnet,Ni,fcc,stacking_fault_energy,mJ/m^2,22.14693625,153.56,-0.855777,-85.5777
chgnet,Ni,fcc,cohesive_energy,eV/atom,4.431217046,,,
chgnet,Pd,fcc,a0,Angstrom,3.951312676,3.942,0.00236242,0.2362
chgnet,Pd,fcc,B0,GPa,158.2891985,195,-0.188261,-18.8261
chgnet,Pd,fcc,B0_prime,dimensionless,4.337102215,,,
chgnet,Pd,fcc,vacancy_formation_energy,eV,0.8659447564,1.16,-0.253496,-25.3496
chgnet,Pd,fcc,gamma_100,J/m^2,1.102696567,1.526,-0.277394,-27.7394
chgnet,Pd,fcc,gamma_110,J/m^2,1.205175047,1.574,-0.234323,-23.4323
chgnet,Pd,fcc,gamma_111,J/m^2,0.956084248,1.338,-0.285438,-28.5438
chgnet,Pd,fcc,stacking_fault_energy,mJ/m^2,5.351909328,139.5,-0.961635,-96.1635
chgnet,Pd,fcc,cohesive_energy,eV/atom,3.558817462,,,
chgnet,Pt,fcc,a0,Angstrom,3.974413523,3.97,0.00111172,0.1112
chgnet,Pt,fcc,B0,GPa,237.2359328,277,-0.143553,-14.3553
chgnet,Pt,fcc,B0_prime,dimensionless,4.512948862,4.83,-0.0656421,-6.5642
chgnet,Pt,fcc,vacancy_formation_energy,eV,0.7975859465,0.61,0.307518,30.7518
chgnet,Pt,fcc,gamma_100,J/m^2,1.280807466,1.842,-0.304665,-30.4665
chgnet,Pt,fcc,gamma_110,J/m^2,1.347015916,1.681,-0.198682,-19.8682
chgnet,Pt,fcc,gamma_111,J/m^2,1.08482655,1.479,-0.266513,-26.6513
chgnet,Pt,fcc,stacking_fault_energy,mJ/m^2,20.28381259,307.97,-0.934137,-93.4137
chgnet,Pt,fcc,cohesive_energy,eV/atom,5.162232118,,,
chgnet,Sr,fcc,a0,Angstrom,6.035362485,6.02,0.00255191,0.2552
chgnet,Sr,fcc,B0,GPa,11.3749498,12.4,-0.0826653,-8.2665
chgnet,Sr,fcc,B0_prime,dimensionless,7.914374341,,,
chgnet,Sr,fcc,vacancy_formation_energy,eV,0.5630374485,0.95,-0.407329,-40.7329
chgnet,Sr,fcc,gamma_100,J/m^2,0.2250840487,0.347,-0.351343,-35.1343
chgnet,Sr,fcc,gamma_110,J/m^2,0.2495201264,0.407,-0.386928,-38.6928
chgnet,Sr,fcc,gamma_111,J/m^2,0.1747982773,0.342,-0.488894,-48.8894
chgnet,Sr,fcc,stacking_fault_energy,mJ/m^2,-0.001937461682,,,
chgnet,Sr,fcc,cohesive_energy,eV/atom,1.677980696,,,
chgnet,Cr,bcc,a0,Angstrom,2.859716933,2.862,-0.000797717,-0.0798
chgnet,Cr,bcc,B0,GPa,234.228873,160,0.46393,46.3930
chgnet,Cr,bcc,B0_prime,dimensionless,10.02883764,4.934,1.0326,103.2598
chgnet,Cr,bcc,vacancy_formation_energy,eV,1.598276774,3.0093,-0.468888,-46.8888
chgnet,Cr,bcc,gamma_100,J/m^2,2.692726573,3.632,-0.258611,-25.8611
chgnet,Cr,bcc,gamma_110,J/m^2,2.405587588,3.201,-0.248489,-24.8489
chgnet,Cr,bcc,cohesive_energy,eV/atom,4.08693577,,,
chgnet,Fe,bcc,a0,Angstrom,2.845141552,2.831,0.00499525,0.4995
chgnet,Fe,bcc,B0,GPa,88.82291933,173,-0.486573,-48.6573
chgnet,Fe,bcc,B0_prime,dimensionless,6.467786795,,,
chgnet,Fe,bcc,vacancy_formation_energy,eV,0.833690502,2.1914,-0.619563,-61.9563
chgnet,Fe,bcc,gamma_100,J/m^2,1.538647697,2.499,-0.384295,-38.4295
chgnet,Fe,bcc,gamma_110,J/m^2,1.160537853,2.447,-0.52573,-52.5730
chgnet,Fe,bcc,cohesive_energy,eV/atom,4.786731153,,,
chgnet,Mo,bcc,a0,Angstrom,3.168026614,3.161,0.00222291,0.2223
chgnet,Mo,bcc,B0,GPa,285.0842336,265.3,0.0745731,7.4573
chgnet,Mo,bcc,B0_prime,dimensionless,6.194657862,3.34,0.854688,85.4688
chgnet,Mo,bcc,vacancy_formation_energy,eV,1.668840196,2.7955,-0.403026,-40.3026
chgnet,Mo,bcc,gamma_100,J/m^2,2.318521185,3.182,-0.271364,-27.1364
chgnet,Mo,bcc,gamma_110,J/m^2,1.931628242,2.797,-0.309393,-30.9393
chgnet,Mo,bcc,cohesive_energy,eV/atom,6.132847012,,,
chgnet,Nb,bcc,a0,Angstrom,3.329558239,3.31,0.00590883,0.5909
chgnet,Nb,bcc,B0,GPa,144.5101194,174,-0.169482,-16.9482
chgnet,Nb,bcc,B0_prime,dimensionless,2.223959588,,,
chgnet,Nb,bcc,vacancy_formation_energy,eV,1.479570177,2.6589,-0.44354,-44.3540
chgnet,Nb,bcc,gamma_100,J/m^2,1.945667339,2.275,-0.144762,-14.4762
chgnet,Nb,bcc,gamma_110,J/m^2,1.562900385,2.074,-0.246432,-24.6432
chgnet,Nb,bcc,cohesive_energy,eV/atom,7.07212738,,,
chgnet,Ta,bcc,a0,Angstrom,3.323654152,3.318,0.00170408,0.1704
chgnet,Ta,bcc,B0,GPa,193.5445764,194.2,-0.00337499,-0.3375
chgnet,Ta,bcc,B0_prime,dimensionless,4.65756102,3.17,0.469262,46.9262
chgnet,Ta,bcc,vacancy_formation_energy,eV,1.670397723,2.8759,-0.419174,-41.9174
chgnet,Ta,bcc,gamma_100,J/m^2,2.316467552,2.471,-0.0625384,-6.2538
chgnet,Ta,bcc,gamma_110,J/m^2,1.919415818,2.342,-0.180437,-18.0437
chgnet,Ta,bcc,cohesive_energy,eV/atom,8.229060843,,,
chgnet,V,bcc,a0,Angstrom,2.994458673,2.996,-0.000514462,-0.0514
chgnet,V,bcc,B0,GPa,184.9450925,157,0.177994,17.7994
chgnet,V,bcc,B0_prime,dimensionless,1.960152952,,,
chgnet,V,bcc,vacancy_formation_energy,eV,1.726053309,2.0422,-0.154807,-15.4807
chgnet,V,bcc,gamma_100,J/m^2,2.313447977,2.381,-0.0283713,-2.8371
chgnet,V,bcc,gamma_110,J/m^2,2.000459247,2.421,-0.173705,-17.3705
chgnet,V,bcc,cohesive_energy,eV/atom,4.888380968,,,
chgnet,W,bcc,a0,Angstrom,3.188032481,3.183,0.00158105,0.1581
chgnet,W,bcc,B0,GPa,310.2765285,314.2,-0.0124872,-1.2487
chgnet,W,bcc,B0_prime,dimensionless,2.867000059,3.82,-0.249476,-24.9476
chgnet,W,bcc,vacancy_formation_energy,eV,1.860396774,3.231,-0.424204,-42.4204
chgnet,W,bcc,gamma_100,J/m^2,2.860275937,3.954,-0.276612,-27.6612
chgnet,W,bcc,gamma_110,J/m^2,2.309435272,3.228,-0.284562,-28.4562
chgnet,W,bcc,cohesive_energy,eV/atom,7.21087411,,,
chgnet,Si,diamond,a0,Angstrom,5.467061767,5.466,0.000194249,0.0194
chgnet,Si,diamond,B0,GPa,78.21383203,89.2,-0.123163,-12.3163
chgnet,Si,diamond,B0_prime,dimensionless,10.69378847,,,
chgnet,Si,diamond,vacancy_formation_energy,eV,0.8676147461,3.63,-0.760988,-76.0988
chgnet,Si,diamond,cohesive_energy,eV/atom,4.244776826,,,
chgnet,MgO,rocksalt,a0,Angstrom,4.2535678,4.255,-0.000336592,-0.0337
chgnet,MgO,rocksalt,B0,GPa,133.5173619,149,-0.10391,-10.3910
chgnet,MgO,rocksalt,B0_prime,dimensionless,5.589540562,4,0.397385,39.7385
chgnet,MgO,rocksalt,cohesive_energy,eV/atom,5.08968027,,,
chgnet,NaCl,rocksalt,a0,Angstrom,5.695485289,5.7,-0.000792055,-0.0792
chgnet,NaCl,rocksalt,B0,GPa,25.02665561,23.6,0.0604515,6.0452
chgnet,NaCl,rocksalt,B0_prime,dimensionless,-0.9673768625,5.09,-1.19005,-119.0054
chgnet,NaCl,rocksalt,cohesive_energy,eV/atom,2.995592693,,,
chgnet,NiAl,b2,a0,Angstrom,2.886258606,2.88,0.00217313,0.2173
chgnet,NiAl,b2,B0,GPa,164.4881808,166,-0.00910734,-0.9107
chgnet,NiAl,b2,B0_prime,dimensionless,4.119588639,,,
chgnet,NiAl,b2,formation_enthalpy,eV/atom,-0.7051219391,-0.6586,-0.0706376,-7.0638
chgnet,NiAl,b2,cohesive_energy,eV/atom,4.537261284,,,
chgnet,Ni3Al,l12,a0,Angstrom,3.556685219,3.565,-0.00233234,-0.2332
chgnet,Ni3Al,l12,B0,GPa,182.8978393,175,0.0451305,4.5131
chgnet,Ni3Al,l12,B0_prime,dimensionless,1.070538129,,,
chgnet,Ni3Al,l12,formation_enthalpy,eV/atom,-0.4732562862,-0.4325,-0.0942342,-9.4234
chgnet,Ni3Al,l12,cohesive_energy,eV/atom,4.60493476,,,
mace-mp-small,Ag,fcc,a0,Angstrom,4.167868835,4.149,0.0045478,0.4548
mace-mp-small,Ag,fcc,B0,GPa,83.5985316,110.9,-0.246181,-24.6181
mace-mp-small,Ag,fcc,B0_prime,dimensionless,5.563850216,5.7,-0.0238859,-2.3886
mace-mp-small,Ag,fcc,vacancy_formation_energy,eV,0.6270562689,0.68,-0.0778584,-7.7858
mace-mp-small,Ag,fcc,gamma_100,J/m^2,0.8931905553,0.81,0.102704,10.2704
mace-mp-small,Ag,fcc,gamma_110,J/m^2,0.9473356761,0.866,0.0939211,9.3921
mace-mp-small,Ag,fcc,gamma_111,J/m^2,0.6900901245,0.773,-0.107257,-10.7257
mace-mp-small,Ag,fcc,stacking_fault_energy,mJ/m^2,0.8901458514,17.26,-0.948427,-94.8427
mace-mp-small,Ag,fcc,cohesive_energy,eV/atom,2.322282495,,,
mace-mp-small,Al,fcc,a0,Angstrom,4.053137903,4.041,0.00300369,0.3004
mace-mp-small,Al,fcc,B0,GPa,79.46871522,79.4,0.000865431,0.0865
mace-mp-small,Al,fcc,B0_prime,dimensionless,4.590522752,4.16,0.103491,10.3491
mace-mp-small,Al,fcc,vacancy_formation_energy,eV,0.5851246912,0.61,-0.0407792,-4.0779
mace-mp-small,Al,fcc,gamma_100,J/m^2,0.8182741745,0.915,-0.105711,-10.5711
mace-mp-small,Al,fcc,gamma_110,J/m^2,0.870038025,0.977,-0.10948,-10.9480
mace-mp-small,Al,fcc,gamma_111,J/m^2,0.6447121895,0.795,-0.189041,-18.9041
mace-mp-small,Al,fcc,stacking_fault_energy,mJ/m^2,-7.62023246,117.54,-1.06483,-106.4831
mace-mp-small,Al,fcc,cohesive_energy,eV/atom,3.099361561,,,
mace-mp-small,Au,fcc,a0,Angstrom,4.168127015,4.157,0.00267669,0.2677
mace-mp-small,Au,fcc,B0,GPa,132.7825152,180.9,-0.265989,-26.5989
mace-mp-small,Au,fcc,B0_prime,dimensionless,5.906131789,5.47,0.0797316,7.9732
mace-mp-small,Au,fcc,vacancy_formation_energy,eV,0.4355933906,0.4,0.0889835,8.8983
mace-mp-small,Au,fcc,gamma_100,J/m^2,0.9659788898,0.861,0.121927,12.1927
mace-mp-small,Au,fcc,gamma_110,J/m^2,1.006927306,0.827,0.217566,21.7566
mace-mp-small,Au,fcc,gamma_111,J/m^2,0.7534768857,0.742,0.0154675,1.5468
mace-mp-small,Au,fcc,stacking_fault_energy,mJ/m^2,56.65627838,32.69,0.733138,73.3138
mace-mp-small,Au,fcc,cohesive_energy,eV/atom,1.701388918,,,
mace-mp-small,Ca,fcc,a0,Angstrom,5.516269655,5.527,-0.00194144,-0.1941
mace-mp-small,Ca,fcc,B0,GPa,20.70503834,18.4,0.125274,12.5274
mace-mp-small,Ca,fcc,B0_prime,dimensionless,3.346819014,,,
mace-mp-small,Ca,fcc,vacancy_formation_energy,eV,1.01453209,1.13,-0.102184,-10.2184
mace-mp-small,Ca,fcc,gamma_100,J/m^2,0.4786256814,0.458,0.0450342,4.5034
mace-mp-small,Ca,fcc,gamma_110,J/m^2,0.5198016389,0.542,-0.0409564,-4.0956
mace-mp-small,Ca,fcc,gamma_111,J/m^2,0.3935320751,0.461,-0.146351,-14.6351
mace-mp-small,Ca,fcc,stacking_fault_energy,mJ/m^2,1.898351961,,,
mace-mp-small,Ca,fcc,cohesive_energy,eV/atom,1.902425399,,,
mace-mp-small,Cu,fcc,a0,Angstrom,3.612762007,3.631,-0.00502286,-0.5023
mace-mp-small,Cu,fcc,B0,GPa,142.1890967,142.3,-0.000779363,-0.0779
mace-mp-small,Cu,fcc,B0_prime,dimensionless,5.970840107,4.91,0.216057,21.6057
mace-mp-small,Cu,fcc,vacancy_formation_energy,eV,1.028462802,1.07,-0.0388198,-3.8820
mace-mp-small,Cu,fcc,gamma_100,J/m^2,1.550279317,1.468,0.0560486,5.6049
mace-mp-small,Cu,fcc,gamma_110,J/m^2,1.649473225,1.561,0.0566773,5.6677
mace-mp-small,Cu,fcc,gamma_111,J/m^2,1.316464644,1.314,0.00187568,0.1876
mace-mp-small,Cu,fcc,stacking_fault_energy,mJ/m^2,15.3141562,47.45,-0.677257,-67.7257
mace-mp-small,Cu,fcc,cohesive_energy,eV/atom,3.330575782,,,
mace-mp-small,Ni,fcc,a0,Angstrom,3.511487875,3.518,-0.00185109,-0.1851
mace-mp-small,Ni,fcc,B0,GPa,186.5798904,187.6,-0.00543768,-0.5438
mace-mp-small,Ni,fcc,B0_prime,dimensionless,4.608234262,4.83,-0.0459142,-4.5914
mace-mp-small,Ni,fcc,vacancy_formation_energy,eV,1.017523102,1.39,-0.267969,-26.7969
mace-mp-small,Ni,fcc,gamma_100,J/m^2,2.590718258,2.208,0.173333,17.3333
mace-mp-small,Ni,fcc,gamma_110,J/m^2,2.842670989,2.286,0.243513,24.3513
mace-mp-small,Ni,fcc,gamma_111,J/m^2,2.204233147,1.924,0.145651,14.5651
mace-mp-small,Ni,fcc,stacking_fault_energy,mJ/m^2,-7.775911334,153.56,-1.05064,-105.0638
mace-mp-small,Ni,fcc,cohesive_energy,eV/atom,4.244693293,,,
mace-mp-small,Pd,fcc,a0,Angstrom,3.964407334,3.942,0.00568426,0.5684
mace-mp-small,Pd,fcc,B0,GPa,148.5649761,195,-0.238128,-23.8128
mace-mp-small,Pd,fcc,B0_prime,dimensionless,5.558892082,,,
mace-mp-small,Pd,fcc,vacancy_formation_energy,eV,1.241089006,1.16,0.0699043,6.9904
mace-mp-small,Pd,fcc,gamma_100,J/m^2,1.662905657,1.526,0.0897154,8.9715
mace-mp-small,Pd,fcc,gamma_110,J/m^2,1.810982342,1.574,0.150561,15.0561
mace-mp-small,Pd,fcc,gamma_111,J/m^2,1.413894577,1.338,0.0567224,5.6722
mace-mp-small,Pd,fcc,stacking_fault_energy,mJ/m^2,26.74160671,139.5,-0.808304,-80.8304
mace-mp-small,Pd,fcc,cohesive_energy,eV/atom,3.74705144,,,
mace-mp-small,Pt,fcc,a0,Angstrom,3.982029461,3.97,0.00303009,0.3030
mace-mp-small,Pt,fcc,B0,GPa,235.1238534,277,-0.151177,-15.1177
mace-mp-small,Pt,fcc,B0_prime,dimensionless,4.978570017,4.83,0.0307598,3.0760
mace-mp-small,Pt,fcc,vacancy_formation_energy,eV,0.8927076555,0.61,0.463455,46.3455
mace-mp-small,Pt,fcc,gamma_100,J/m^2,2.063970101,1.842,0.120505,12.0505
mace-mp-small,Pt,fcc,gamma_110,J/m^2,2.296745639,1.681,0.366297,36.6297
mace-mp-small,Pt,fcc,gamma_111,J/m^2,1.689223498,1.479,0.142139,14.2139
mace-mp-small,Pt,fcc,stacking_fault_energy,mJ/m^2,66.31543516,307.97,-0.784669,-78.4669
mace-mp-small,Pt,fcc,cohesive_energy,eV/atom,4.954064486,,,
mace-mp-small,Sr,fcc,a0,Angstrom,5.99247861,6.02,-0.00457166,-0.4572
mace-mp-small,Sr,fcc,B0,GPa,15.23922242,12.4,0.22897,22.8970
mace-mp-small,Sr,fcc,B0_prime,dimensionless,3.118679688,,,
mace-mp-small,Sr,fcc,vacancy_formation_energy,eV,0.7827495764,0.95,-0.176053,-17.6053
mace-mp-small,Sr,fcc,gamma_100,J/m^2,0.2916544979,0.347,-0.159497,-15.9497
mace-mp-small,Sr,fcc,gamma_110,J/m^2,0.3199760378,0.407,-0.213818,-21.3818
mace-mp-small,Sr,fcc,gamma_111,J/m^2,0.2358173747,0.342,-0.310476,-31.0476
mace-mp-small,Sr,fcc,stacking_fault_energy,mJ/m^2,5.21321544,,,
mace-mp-small,Sr,fcc,cohesive_energy,eV/atom,1.586864159,,,
mace-mp-small,Cr,bcc,a0,Angstrom,2.863027788,2.862,0.000359115,0.0359
mace-mp-small,Cr,bcc,B0,GPa,250.9454073,160,0.568409,56.8409
mace-mp-small,Cr,bcc,B0_prime,dimensionless,3.620243354,4.934,-0.266266,-26.6266
mace-mp-small,Cr,bcc,vacancy_formation_energy,eV,2.648521883,3.0093,-0.119888,-11.9888
mace-mp-small,Cr,bcc,gamma_100,J/m^2,3.149953063,3.632,-0.132722,-13.2722
mace-mp-small,Cr,bcc,gamma_110,J/m^2,3.266242243,3.201,0.0203818,2.0382
mace-mp-small,Cr,bcc,cohesive_energy,eV/atom,3.352621842,,,
mace-mp-small,Fe,bcc,a0,Angstrom,2.86087405,2.831,0.0105525,1.0552
mace-mp-small,Fe,bcc,B0,GPa,86.78343264,173,-0.498362,-49.8362
mace-mp-small,Fe,bcc,B0_prime,dimensionless,-12.86442517,,,
mace-mp-small,Fe,bcc,vacancy_formation_energy,eV,1.614247769,2.1914,-0.263371,-26.3371
mace-mp-small,Fe,bcc,gamma_100,J/m^2,2.62783988,2.499,0.0515566,5.1557
mace-mp-small,Fe,bcc,gamma_110,J/m^2,2.596272149,2.447,0.0610021,6.1002
mace-mp-small,Fe,bcc,cohesive_energy,eV/atom,4.233402338,,,
mace-mp-small,Mo,bcc,a0,Angstrom,3.156937696,3.161,-0.00128513,-0.1285
mace-mp-small,Mo,bcc,B0,GPa,231.5642547,265.3,-0.127161,-12.7161
mace-mp-small,Mo,bcc,B0_prime,dimensionless,7.854662886,3.34,1.3517,135.1695
mace-mp-small,Mo,bcc,vacancy_formation_energy,eV,3.373747653,2.7955,0.206849,20.6849
mace-mp-small,Mo,bcc,gamma_100,J/m^2,3.186575396,3.182,0.0014379,0.1438
mace-mp-small,Mo,bcc,gamma_110,J/m^2,2.572260572,2.797,-0.0803502,-8.0350
mace-mp-small,Mo,bcc,cohesive_energy,eV/atom,5.770217794,,,
mace-mp-small,Nb,bcc,a0,Angstrom,3.321530996,3.31,0.00348368,0.3484
mace-mp-small,Nb,bcc,B0,GPa,179.3570415,174,0.0307876,3.0788
mace-mp-small,Nb,bcc,B0_prime,dimensionless,5.070029561,,,
mace-mp-small,Nb,bcc,vacancy_formation_energy,eV,2.906991347,2.6589,0.093306,9.3306
mace-mp-small,Nb,bcc,gamma_100,J/m^2,2.371716096,2.275,0.0425126,4.2513
mace-mp-small,Nb,bcc,gamma_110,J/m^2,2.224371648,2.074,0.0725032,7.2503
mace-mp-small,Nb,bcc,cohesive_energy,eV/atom,6.774883732,,,
mace-mp-small,Ta,bcc,a0,Angstrom,3.320447326,3.318,0.000737591,0.0738
mace-mp-small,Ta,bcc,B0,GPa,206.0280709,194.2,0.0609066,6.0907
mace-mp-small,Ta,bcc,B0_prime,dimensionless,4.945383632,3.17,0.560058,56.0058
mace-mp-small,Ta,bcc,vacancy_formation_energy,eV,3.324504986,2.8759,0.155988,15.5988
mace-mp-small,Ta,bcc,gamma_100,J/m^2,3.021419031,2.471,0.222752,22.2752
mace-mp-small,Ta,bcc,gamma_110,J/m^2,2.705266889,2.342,0.15511,15.5110
mace-mp-small,Ta,bcc,cohesive_energy,eV/atom,8.393950263,,,
mace-mp-small,V,bcc,a0,Angstrom,2.976897942,2.996,-0.00637585,-0.6376
mace-mp-small,V,bcc,B0,GPa,175.4038716,157,0.117222,11.7222
mace-mp-small,V,bcc,B0_prime,dimensionless,4.669058264,,,
mace-mp-small,V,bcc,vacancy_formation_energy,eV,2.365699099,2.0422,0.158407,15.8407
mace-mp-small,V,bcc,gamma_100,J/m^2,3.35752587,2.381,0.410133,41.0133
mace-mp-small,V,bcc,gamma_110,J/m^2,3.206503126,2.421,0.324454,32.4454
mace-mp-small,V,bcc,cohesive_energy,eV/atom,4.451387416,,,
mace-mp-small,W,bcc,a0,Angstrom,3.191065597,3.183,0.00253396,0.2534
mace-mp-small,W,bcc,B0,GPa,282.3434739,314.2,-0.101389,-10.1389
mace-mp-small,W,bcc,B0_prime,dimensionless,3.266963572,3.82,-0.144774,-14.4774
mace-mp-small,W,bcc,vacancy_formation_energy,eV,3.237492461,3.231,0.00200943,0.2009
mace-mp-small,W,bcc,gamma_100,J/m^2,4.841840932,3.954,0.224542,22.4542
mace-mp-small,W,bcc,gamma_110,J/m^2,3.768421109,3.228,0.167417,16.7417
mace-mp-small,W,bcc,cohesive_energy,eV/atom,8.159312854,,,
mace-mp-small,Si,diamond,a0,Angstrom,5.464591368,5.466,-0.000257708,-0.0258
mace-mp-small,Si,diamond,B0,GPa,71.4960063,89.2,-0.198475,-19.8475
mace-mp-small,Si,diamond,B0_prime,dimensionless,4.385302618,,,
mace-mp-small,Si,diamond,vacancy_formation_energy,eV,2.040799685,3.63,-0.437796,-43.7796
mace-mp-small,Si,diamond,cohesive_energy,eV/atom,4.356141279,,,
mace-mp-small,MgO,rocksalt,a0,Angstrom,4.2533267,4.255,-0.000393255,-0.0393
mace-mp-small,MgO,rocksalt,B0,GPa,149.3579517,149,0.00240236,0.2402
mace-mp-small,MgO,rocksalt,B0_prime,dimensionless,3.823789414,4,-0.0440526,-4.4053
mace-mp-small,MgO,rocksalt,cohesive_energy,eV/atom,5.099247942,,,
mace-mp-small,NaCl,rocksalt,a0,Angstrom,5.690029522,5.7,-0.00174921,-0.1749
mace-mp-small,NaCl,rocksalt,B0,GPa,27.18604429,23.6,0.151951,15.1951
mace-mp-small,NaCl,rocksalt,B0_prime,dimensionless,4.67549535,5.09,-0.0814351,-8.1435
mace-mp-small,NaCl,rocksalt,cohesive_energy,eV/atom,2.648296592,,,
mace-mp-small,NiAl,b2,a0,Angstrom,2.884026542,2.88,0.0013981,0.1398
mace-mp-small,NiAl,b2,B0,GPa,176.2892046,166,0.0619832,6.1983
mace-mp-small,NiAl,b2,B0_prime,dimensionless,4.682430492,,,
mace-mp-small,NiAl,b2,formation_enthalpy,eV/atom,-0.6902272564,-0.6586,-0.048022,-4.8022
mace-mp-small,NiAl,b2,cohesive_energy,eV/atom,4.362254683,,,
mace-mp-small,Ni3Al,l12,a0,Angstrom,3.556631159,3.565,-0.0023475,-0.2348
mace-mp-small,Ni3Al,l12,B0,GPa,192.1322203,175,0.0978984,9.7898
mace-mp-small,Ni3Al,l12,B0_prime,dimensionless,4.92141799,,,
mace-mp-small,Ni3Al,l12,formation_enthalpy,eV/atom,-0.4880323456,-0.4325,-0.128398,-12.8398
mace-mp-small,Ni3Al,l12,cohesive_energy,eV/atom,4.446392705,,,
mace-mp-medium,Ag,fcc,a0,Angstrom,4.167744299,4.149,0.00451779,0.4518
mace-mp-medium,Ag,fcc,B0,GPa,88.63343277,110.9,-0.200781,-20.0781
mace-mp-medium,Ag,fcc,B0_prime,dimensionless,5.788322198,5.7,0.0154951,1.5495
mace-mp-medium,Ag,fcc,vacancy_formation_energy,eV,0.6802304892,0.68,0.000338955,0.0339
mace-mp-medium,Ag,fcc,gamma_100,J/m^2,0.805947217,0.81,-0.00500344,-0.5003
mace-mp-medium,Ag,fcc,gamma_110,J/m^2,0.8441452008,0.866,-0.0252365,-2.5236
mace-mp-medium,Ag,fcc,gamma_111,J/m^2,0.6970668479,0.773,-0.0982318,-9.8232
mace-mp-medium,Ag,fcc,stacking_fault_energy,mJ/m^2,8.813812157,17.26,-0.48935,-48.9350
mace-mp-medium,Ag,fcc,cohesive_energy,eV/atom,2.255373671,,,
mace-mp-medium,Al,fcc,a0,Angstrom,4.060446564,4.041,0.00481231,0.4812
mace-mp-medium,Al,fcc,B0,GPa,64.19244325,79.4,-0.191531,-19.1531
mace-mp-medium,Al,fcc,B0_prime,dimensionless,4.505532679,4.16,0.0830607,8.3061
mace-mp-medium,Al,fcc,vacancy_formation_energy,eV,0.4811953514,0.61,-0.211155,-21.1155
mace-mp-medium,Al,fcc,gamma_100,J/m^2,0.8328230238,0.915,-0.0898109,-8.9811
mace-mp-medium,Al,fcc,gamma_110,J/m^2,0.850241252,0.977,-0.129743,-12.9743
mace-mp-medium,Al,fcc,gamma_111,J/m^2,0.6503221377,0.795,-0.181985,-18.1985
mace-mp-medium,Al,fcc,stacking_fault_energy,mJ/m^2,1.836972792,117.54,-0.984372,-98.4372
mace-mp-medium,Al,fcc,cohesive_energy,eV/atom,3.034377347,,,
mace-mp-medium,Au,fcc,a0,Angstrom,4.17646239,4.157,0.00468184,0.4682
mace-mp-medium,Au,fcc,B0,GPa,133.9345795,180.9,-0.259621,-25.9621
mace-mp-medium,Au,fcc,B0_prime,dimensionless,5.450129527,5.47,-0.00363263,-0.3633
mace-mp-medium,Au,fcc,vacancy_formation_energy,eV,0.439403404,0.4,0.0985085,9.8509
mace-mp-medium,Au,fcc,gamma_100,J/m^2,0.8649495089,0.861,0.00458712,0.4587
mace-mp-medium,Au,fcc,gamma_110,J/m^2,0.8768885744,0.827,0.0603248,6.0325
mace-mp-medium,Au,fcc,gamma_111,J/m^2,0.6857381688,0.742,-0.0758246,-7.5825
mace-mp-medium,Au,fcc,stacking_fault_energy,mJ/m^2,32.16796185,32.69,-0.0159694,-1.5969
mace-mp-medium,Au,fcc,cohesive_energy,eV/atom,1.577695887,,,
mace-mp-medium,Ca,fcc,a0,Angstrom,5.497186316,5.527,-0.00539419,-0.5394
mace-mp-medium,Ca,fcc,B0,GPa,20.41597189,18.4,0.109564,10.9564
mace-mp-medium,Ca,fcc,B0_prime,dimensionless,4.338275285,,,
mace-mp-medium,Ca,fcc,vacancy_formation_energy,eV,0.9500575686,1.13,-0.159241,-15.9241
mace-mp-medium,Ca,fcc,gamma_100,J/m^2,0.4349085284,0.458,-0.0504181,-5.0418
mace-mp-medium,Ca,fcc,gamma_110,J/m^2,0.4709057577,0.542,-0.13117,-13.1170
mace-mp-medium,Ca,fcc,gamma_111,J/m^2,0.3599503301,0.461,-0.219197,-21.9197
mace-mp-medium,Ca,fcc,stacking_fault_energy,mJ/m^2,0.8093476149,,,
mace-mp-medium,Ca,fcc,cohesive_energy,eV/atom,1.805217633,,,
mace-mp-medium,Cu,fcc,a0,Angstrom,3.625650659,3.631,-0.00147324,-0.1473
mace-mp-medium,Cu,fcc,B0,GPa,143.9538694,142.3,0.0116224,1.1622
mace-mp-medium,Cu,fcc,B0_prime,dimensionless,5.020641406,4.91,0.0225339,2.2534
mace-mp-medium,Cu,fcc,vacancy_formation_energy,eV,1.044306224,1.07,-0.0240129,-2.4013
mace-mp-medium,Cu,fcc,gamma_100,J/m^2,1.500001492,1.468,0.0217994,2.1799
mace-mp-medium,Cu,fcc,gamma_110,J/m^2,1.567024016,1.561,0.00385908,0.3859
mace-mp-medium,Cu,fcc,gamma_111,J/m^2,1.303702683,1.314,-0.00783662,-0.7837
mace-mp-medium,Cu,fcc,stacking_fault_energy,mJ/m^2,10.91472418,47.45,-0.769974,-76.9974
mace-mp-medium,Cu,fcc,cohesive_energy,eV/atom,3.156265197,,,
mace-mp-medium,Ni,fcc,a0,Angstrom,3.510371988,3.518,-0.00216828,-0.2168
mace-mp-medium,Ni,fcc,B0,GPa,211.5933251,187.6,0.127896,12.7896
mace-mp-medium,Ni,fcc,B0_prime,dimensionless,5.163761198,4.83,0.0691017,6.9102
mace-mp-medium,Ni,fcc,vacancy_formation_energy,eV,1.115431174,1.39,-0.197532,-19.7532
mace-mp-medium,Ni,fcc,gamma_100,J/m^2,1.93452005,2.208,-0.123859,-12.3859
mace-mp-medium,Ni,fcc,gamma_110,J/m^2,2.141178294,2.286,-0.0633516,-6.3352
mace-mp-medium,Ni,fcc,gamma_111,J/m^2,1.830988244,1.924,-0.0483429,-4.8343
mace-mp-medium,Ni,fcc,stacking_fault_energy,mJ/m^2,10.56654367,153.56,-0.931189,-93.1189
mace-mp-medium,Ni,fcc,cohesive_energy,eV/atom,4.21415321,,,
mace-mp-medium,Pd,fcc,a0,Angstrom,3.957924315,3.942,0.00403965,0.4040
mace-mp-medium,Pd,fcc,B0,GPa,166.2542247,195,-0.147414,-14.7414
mace-mp-medium,Pd,fcc,B0_prime,dimensionless,6.432842335,,,
mace-mp-medium,Pd,fcc,vacancy_formation_energy,eV,1.182150372,1.16,0.0190951,1.9095
mace-mp-medium,Pd,fcc,gamma_100,J/m^2,1.400772511,1.526,-0.0820626,-8.2063
mace-mp-medium,Pd,fcc,gamma_110,J/m^2,1.586070642,1.574,0.00766877,0.7669
mace-mp-medium,Pd,fcc,gamma_111,J/m^2,1.303156074,1.338,-0.0260418,-2.6042
mace-mp-medium,Pd,fcc,stacking_fault_energy,mJ/m^2,44.30746272,139.5,-0.682384,-68.2384
mace-mp-medium,Pd,fcc,cohesive_energy,eV/atom,3.476025558,,,
mace-mp-medium,Pt,fcc,a0,Angstrom,3.976225087,3.97,0.00156803,0.1568
mace-mp-medium,Pt,fcc,B0,GPa,226.7230418,277,-0.181505,-18.1505
mace-mp-medium,Pt,fcc,B0_prime,dimensionless,4.770946839,4.83,-0.0122263,-1.2226
mace-mp-medium,Pt,fcc,vacancy_formation_energy,eV,0.4392359883,0.61,-0.279941,-27.9941
mace-mp-medium,Pt,fcc,gamma_100,J/m^2,1.624083379,1.842,-0.118304,-11.8304
mace-mp-medium,Pt,fcc,gamma_110,J/m^2,1.647670892,1.681,-0.019827,-1.9827
mace-mp-medium,Pt,fcc,gamma_111,J/m^2,1.273924821,1.479,-0.138658,-13.8658
mace-mp-medium,Pt,fcc,stacking_fault_energy,mJ/m^2,105.7079133,307.97,-0.656759,-65.6759
mace-mp-medium,Pt,fcc,cohesive_energy,eV/atom,4.412003565,,,
mace-mp-medium,Sr,fcc,a0,Angstrom,6.01619369,6.02,-0.000632277,-0.0632
mace-mp-medium,Sr,fcc,B0,GPa,16.87007045,12.4,0.36049,36.0490
mace-mp-medium,Sr,fcc,B0_prime,dimensionless,2.597440225,,,
mace-mp-medium,Sr,fcc,vacancy_formation_energy,eV,0.6649126892,0.95,-0.300092,-30.0092
mace-mp-medium,Sr,fcc,gamma_100,J/m^2,0.2859011427,0.347,-0.176077,-17.6077
mace-mp-medium,Sr,fcc,gamma_110,J/m^2,0.3059345866,0.407,-0.248318,-24.8318
mace-mp-medium,Sr,fcc,gamma_111,J/m^2,0.2243607394,0.342,-0.343974,-34.3974
mace-mp-medium,Sr,fcc,stacking_fault_energy,mJ/m^2,0.6265689021,,,
mace-mp-medium,Sr,fcc,cohesive_energy,eV/atom,1.552617395,,,
mace-mp-medium,Cr,bcc,a0,Angstrom,2.866379758,2.862,0.00153031,0.1530
mace-mp-medium,Cr,bcc,B0,GPa,230.3783195,160,0.439864,43.9864
mace-mp-medium,Cr,bcc,B0_prime,dimensionless,5.574550505,4.934,0.129824,12.9824
mace-mp-medium,Cr,bcc,vacancy_formation_energy,eV,1.447603476,3.0093,-0.518957,-51.8957
mace-mp-medium,Cr,bcc,gamma_100,J/m^2,3.1767431,3.632,-0.125346,-12.5346
mace-mp-medium,Cr,bcc,gamma_110,J/m^2,3.458098785,3.201,0.0803183,8.0318
mace-mp-medium,Cr,bcc,cohesive_energy,eV/atom,3.159854263,,,
mace-mp-medium,Fe,bcc,a0,Angstrom,2.853406342,2.831,0.00791464,0.7915
mace-mp-medium,Fe,bcc,B0,GPa,71.3243308,173,-0.587721,-58.7721
mace-mp-medium,Fe,bcc,B0_prime,dimensionless,-7.32952155,,,
mace-mp-medium,Fe,bcc,vacancy_formation_energy,eV,1.435700099,2.1914,-0.344848,-34.4848
mace-mp-medium,Fe,bcc,gamma_100,J/m^2,2.049094396,2.499,-0.180034,-18.0034
mace-mp-medium,Fe,bcc,gamma_110,J/m^2,2.016365461,2.447,-0.175985,-17.5985
mace-mp-medium,Fe,bcc,cohesive_energy,eV/atom,4.499548789,,,
mace-mp-medium,Mo,bcc,a0,Angstrom,3.170218622,3.161,0.00291636,0.2916
mace-mp-medium,Mo,bcc,B0,GPa,269.8470588,265.3,0.0171393,1.7139
mace-mp-medium,Mo,bcc,B0_prime,dimensionless,4.058860124,3.34,0.215228,21.5228
mace-mp-medium,Mo,bcc,vacancy_formation_energy,eV,2.248357921,2.7955,-0.195722,-19.5722
mace-mp-medium,Mo,bcc,gamma_100,J/m^2,2.507977569,3.182,-0.211824,-21.1824
mace-mp-medium,Mo,bcc,gamma_110,J/m^2,2.337410887,2.797,-0.164315,-16.4315
mace-mp-medium,Mo,bcc,cohesive_energy,eV/atom,6.065664806,,,
mace-mp-medium,Nb,bcc,a0,Angstrom,3.313434118,3.31,0.0010375,0.1037
mace-mp-medium,Nb,bcc,B0,GPa,155.0670126,174,-0.10881,-10.8810
mace-mp-medium,Nb,bcc,B0_prime,dimensionless,5.287346673,,,
mace-mp-medium,Nb,bcc,vacancy_formation_energy,eV,2.230563215,2.6589,-0.161095,-16.1095
mace-mp-medium,Nb,bcc,gamma_100,J/m^2,2.543274177,2.275,0.117923,11.7923
mace-mp-medium,Nb,bcc,gamma_110,J/m^2,2.465365868,2.074,0.188701,18.8701
mace-mp-medium,Nb,bcc,cohesive_energy,eV/atom,6.862534526,,,
mace-mp-medium,Ta,bcc,a0,Angstrom,3.313896816,3.318,-0.00123664,-0.1237
mace-mp-medium,Ta,bcc,B0,GPa,201.7362073,194.2,0.0388064,3.8806
mace-mp-medium,Ta,bcc,B0_prime,dimensionless,5.623994175,3.17,0.774131,77.4131
mace-mp-medium,Ta,bcc,vacancy_formation_energy,eV,2.636969137,2.8759,-0.0830804,-8.3080
mace-mp-medium,Ta,bcc,gamma_100,J/m^2,2.430339747,2.471,-0.016455,-1.6455
mace-mp-medium,Ta,bcc,gamma_110,J/m^2,2.165648705,2.342,-0.0752994,-7.5299
mace-mp-medium,Ta,bcc,cohesive_energy,eV/atom,8.291011033,,,
mace-mp-medium,V,bcc,a0,Angstrom,2.99906827,2.996,0.00102412,0.1024
mace-mp-medium,V,bcc,B0,GPa,179.5056995,157,0.143348,14.3348
mace-mp-medium,V,bcc,B0_prime,dimensionless,4.04223293,,,
mace-mp-medium,V,bcc,vacancy_formation_energy,eV,2.683386351,2.0422,0.313968,31.3968
mace-mp-medium,V,bcc,gamma_100,J/m^2,2.669793575,2.381,0.121291,12.1291
mace-mp-medium,V,bcc,gamma_110,J/m^2,2.566672823,2.421,0.0601705,6.0171
mace-mp-medium,V,bcc,cohesive_energy,eV/atom,4.731186838,,,
mace-mp-medium,W,bcc,a0,Angstrom,3.188456938,3.183,0.0017144,0.1714
mace-mp-medium,W,bcc,B0,GPa,254.8544635,314.2,-0.188878,-18.8878
mace-mp-medium,W,bcc,B0_prime,dimensionless,4.582253583,3.82,0.199543,19.9543
mace-mp-medium,W,bcc,vacancy_formation_energy,eV,2.645608524,3.231,-0.18118,-18.1180
mace-mp-medium,W,bcc,gamma_100,J/m^2,3.389048684,3.954,-0.142881,-14.2881
mace-mp-medium,W,bcc,gamma_110,J/m^2,3.334983548,3.228,0.0331424,3.3142
mace-mp-medium,W,bcc,cohesive_energy,eV/atom,7.674824833,,,
mace-mp-medium,Si,diamond,a0,Angstrom,5.455566846,5.466,-0.00190874,-0.1909
mace-mp-medium,Si,diamond,B0,GPa,74.56238037,89.2,-0.164099,-16.4099
mace-mp-medium,Si,diamond,B0_prime,dimensionless,5.331644866,,,
mace-mp-medium,Si,diamond,vacancy_formation_energy,eV,1.849447918,3.63,-0.49051,-49.0510
mace-mp-medium,Si,diamond,cohesive_energy,eV/atom,4.054405529,,,
mace-mp-medium,MgO,rocksalt,a0,Angstrom,4.254521244,4.255,-0.000112516,-0.0113
mace-mp-medium,MgO,rocksalt,B0,GPa,147.2599074,149,-0.0116785,-1.1678
mace-mp-medium,MgO,rocksalt,B0_prime,dimensionless,4.248774588,4,0.0621936,6.2194
mace-mp-medium,MgO,rocksalt,cohesive_energy,eV/atom,4.941072303,,,
mace-mp-medium,NaCl,rocksalt,a0,Angstrom,5.683173168,5.7,-0.00295208,-0.2952
mace-mp-medium,NaCl,rocksalt,B0,GPa,25.42814717,23.6,0.0774639,7.7464
mace-mp-medium,NaCl,rocksalt,B0_prime,dimensionless,5.220515623,5.09,0.0256416,2.5642
mace-mp-medium,NaCl,rocksalt,cohesive_energy,eV/atom,2.482803779,,,
mace-mp-medium,NiAl,b2,a0,Angstrom,2.882492909,2.88,0.000865593,0.0866
mace-mp-medium,NiAl,b2,B0,GPa,173.2177402,166,0.0434804,4.3480
mace-mp-medium,NiAl,b2,B0_prime,dimensionless,5.184381994,,,
mace-mp-medium,NiAl,b2,formation_enthalpy,eV/atom,-0.691995301,-0.6586,-0.0507065,-5.0707
mace-mp-medium,NiAl,b2,cohesive_energy,eV/atom,4.31626058,,,
mace-mp-medium,Ni3Al,l12,a0,Angstrom,3.555610002,3.565,-0.00263394,-0.2634
mace-mp-medium,Ni3Al,l12,B0,GPa,181.6764862,175,0.0381513,3.8151
mace-mp-medium,Ni3Al,l12,B0_prime,dimensionless,4.999074042,,,
mace-mp-medium,Ni3Al,l12,formation_enthalpy,eV/atom,-0.4763665764,-0.4325,-0.101426,-10.1426
mace-mp-medium,Ni3Al,l12,cohesive_energy,eV/atom,4.395575821,,,
mace-mpa-0-medium,Ag,fcc,a0,Angstrom,4.161568877,4.149,0.00302938,0.3029
mace-mpa-0-medium,Ag,fcc,B0,GPa,82.13145342,110.9,-0.25941,-25.9410
mace-mpa-0-medium,Ag,fcc,B0_prime,dimensionless,6.511459937,5.7,0.142361,14.2361
mace-mpa-0-medium,Ag,fcc,vacancy_formation_energy,eV,0.7764037635,0.68,0.14177,14.1770
mace-mpa-0-medium,Ag,fcc,gamma_100,J/m^2,0.8142944151,0.81,0.00530175,0.5302
mace-mpa-0-medium,Ag,fcc,gamma_110,J/m^2,0.8456775786,0.866,-0.023467,-2.3467
mace-mpa-0-medium,Ag,fcc,gamma_111,J/m^2,0.702674196,0.773,-0.0909778,-9.0978
mace-mpa-0-medium,Ag,fcc,stacking_fault_energy,mJ/m^2,8.888190958,17.26,-0.485041,-48.5041
mace-mpa-0-medium,Ag,fcc,cohesive_energy,eV/atom,2.488032144,,,
mace-mpa-0-medium,Al,fcc,a0,Angstrom,4.038601534,4.041,-0.000593533,-0.0594
mace-mpa-0-medium,Al,fcc,B0,GPa,81.82886109,79.4,0.0305902,3.0590
mace-mpa-0-medium,Al,fcc,B0_prime,dimensionless,3.902606244,4.16,-0.0618735,-6.1873
mace-mpa-0-medium,Al,fcc,vacancy_formation_energy,eV,0.6781090142,0.61,0.111654,11.1654
mace-mpa-0-medium,Al,fcc,gamma_100,J/m^2,0.996817206,0.915,0.0894177,8.9418
mace-mpa-0-medium,Al,fcc,gamma_110,J/m^2,0.9429386179,0.977,-0.0348632,-3.4863
mace-mpa-0-medium,Al,fcc,gamma_111,J/m^2,0.7839961594,0.795,-0.0138413,-1.3841
mace-mpa-0-medium,Al,fcc,stacking_fault_energy,mJ/m^2,87.40735964,117.54,-0.256361,-25.6361
mace-mpa-0-medium,Al,fcc,cohesive_energy,eV/atom,3.523711403,,,
mace-mpa-0-medium,Au,fcc,a0,Angstrom,4.166513155,4.157,0.00228847,0.2288
mace-mpa-0-medium,Au,fcc,B0,GPa,134.9441443,180.9,-0.25404,-25.4040
mace-mpa-0-medium,Au,fcc,B0_prime,dimensionless,6.569918768,5.47,0.201082,20.1082
mace-mpa-0-medium,Au,fcc,vacancy_formation_energy,eV,0.4704917741,0.4,0.176229,17.6229
mace-mpa-0-medium,Au,fcc,gamma_100,J/m^2,0.8793081177,0.861,0.0212638,2.1264
mace-mpa-0-medium,Au,fcc,gamma_110,J/m^2,0.9100111354,0.827,0.100376,10.0376
mace-mpa-0-medium,Au,fcc,gamma_111,J/m^2,0.6864945623,0.742,-0.0748052,-7.4805
mace-mpa-0-medium,Au,fcc,stacking_fault_energy,mJ/m^2,30.7480104,32.69,-0.0594062,-5.9406
mace-mpa-0-medium,Au,fcc,cohesive_energy,eV/atom,2.987814957,,,
mace-mpa-0-medium,Ca,fcc,a0,Angstrom,5.544860143,5.527,0.00323144,0.3231
mace-mpa-0-medium,Ca,fcc,B0,GPa,16.29527575,18.4,-0.114387,-11.4387
mace-mpa-0-medium,Ca,fcc,B0_prime,dimensionless,2.035622834,,,
mace-mpa-0-medium,Ca,fcc,vacancy_formation_energy,eV,1.020542013,1.13,-0.0968655,-9.6865
mace-mpa-0-medium,Ca,fcc,gamma_100,J/m^2,0.4289796635,0.458,-0.0633632,-6.3363
mace-mpa-0-medium,Ca,fcc,gamma_110,J/m^2,0.4710721407,0.542,-0.130863,-13.0863
mace-mpa-0-medium,Ca,fcc,gamma_111,J/m^2,0.395565876,0.461,-0.14194,-14.1940
mace-mpa-0-medium,Ca,fcc,stacking_fault_energy,mJ/m^2,1.15729784,,,
mace-mpa-0-medium,Ca,fcc,cohesive_energy,eV/atom,1.906425083,,,
mace-mpa-0-medium,Cu,fcc,a0,Angstrom,3.639835111,3.631,0.00243324,0.2433
mace-mpa-0-medium,Cu,fcc,B0,GPa,130.2437389,142.3,-0.0847243,-8.4724
mace-mpa-0-medium,Cu,fcc,B0_prime,dimensionless,4.381315156,4.91,-0.107675,-10.7675
mace-mpa-0-medium,Cu,fcc,vacancy_formation_energy,eV,1.067460139,1.07,-0.0023737,-0.2374
mace-mpa-0-medium,Cu,fcc,gamma_100,J/m^2,1.41755395,1.468,-0.0343638,-3.4364
mace-mpa-0-medium,Cu,fcc,gamma_110,J/m^2,1.51386315,1.561,-0.0301966,-3.0197
mace-mpa-0-medium,Cu,fcc,gamma_111,J/m^2,1.228417266,1.314,-0.0651315,-6.5131
mace-mpa-0-medium,Cu,fcc,stacking_fault_energy,mJ/m^2,27.88227165,47.45,-0.412386,-41.2386
mace-mpa-0-medium,Cu,fcc,cohesive_energy,eV/atom,3.500655032,,,
mace-mpa-0-medium,Ni,fcc,a0,Angstrom,3.521341614,3.518,0.000949862,0.0950
mace-mpa-0-medium,Ni,fcc,B0,GPa,215.9761563,187.6,0.151259,15.1259
mace-mpa-0-medium,Ni,fcc,B0_prime,dimensionless,5.615337232,4.83,0.162596,16.2596
mace-mpa-0-medium,Ni,fcc,vacancy_formation_energy,eV,1.539751037,1.39,0.107735,10.7735
mace-mpa-0-medium,Ni,fcc,gamma_100,J/m^2,3.290699304,2.208,0.490353,49.0353
mace-mpa-0-medium,Ni,fcc,gamma_110,J/m^2,3.266798691,2.286,0.429046,42.9046
mace-mpa-0-medium,Ni,fcc,gamma_111,J/m^2,2.609226674,1.924,0.356147,35.6147
mace-mpa-0-medium,Ni,fcc,stacking_fault_energy,mJ/m^2,88.26568006,153.56,-0.425204,-42.5204
mace-mpa-0-medium,Ni,fcc,cohesive_energy,eV/atom,4.851469899,,,
mace-mpa-0-medium,Pd,fcc,a0,Angstrom,3.959590523,3.942,0.00446233,0.4462
mace-mpa-0-medium,Pd,fcc,B0,GPa,140.2987392,195,-0.280519,-28.0519
mace-mpa-0-medium,Pd,fcc,B0_prime,dimensionless,6.103697844,,,
mace-mpa-0-medium,Pd,fcc,vacancy_formation_energy,eV,1.210036636,1.16,0.043135,4.3135
mace-mpa-0-medium,Pd,fcc,gamma_100,J/m^2,1.596646401,1.526,0.0462952,4.6295
mace-mpa-0-medium,Pd,fcc,gamma_110,J/m^2,1.627605339,1.574,0.0340568,3.4057
mace-mpa-0-medium,Pd,fcc,gamma_111,J/m^2,1.347322359,1.338,0.00696738,0.6967
mace-mpa-0-medium,Pd,fcc,stacking_fault_energy,mJ/m^2,86.98101879,139.5,-0.37648,-37.6480
mace-mpa-0-medium,Pd,fcc,cohesive_energy,eV/atom,3.706158731,,,
mace-mpa-0-medium,Pt,fcc,a0,Angstrom,3.976551334,3.97,0.00165021,0.1650
mace-mpa-0-medium,Pt,fcc,B0,GPa,249.8733497,277,-0.0979301,-9.7930
mace-mpa-0-medium,Pt,fcc,B0_prime,dimensionless,4.721746577,4.83,-0.0224127,-2.2413
mace-mpa-0-medium,Pt,fcc,vacancy_formation_energy,eV,0.8273253437,0.61,0.356271,35.6271
mace-mpa-0-medium,Pt,fcc,gamma_100,J/m^2,2.036981777,1.842,0.105853,10.5853
mace-mpa-0-medium,Pt,fcc,gamma_110,J/m^2,2.071565088,1.681,0.232341,23.2341
mace-mpa-0-medium,Pt,fcc,gamma_111,J/m^2,1.669452129,1.479,0.128771,12.8771
mace-mpa-0-medium,Pt,fcc,stacking_fault_energy,mJ/m^2,341.1726696,307.97,0.107811,10.7811
mace-mpa-0-medium,Pt,fcc,cohesive_energy,eV/atom,5.548471171,,,
mace-mpa-0-medium,Sr,fcc,a0,Angstrom,6.029815112,6.02,0.00163042,0.1630
mace-mpa-0-medium,Sr,fcc,B0,GPa,13.81824954,12.4,0.114375,11.4375
mace-mpa-0-medium,Sr,fcc,B0_prime,dimensionless,2.667467645,,,
mace-mpa-0-medium,Sr,fcc,vacancy_formation_energy,eV,0.9450689758,0.95,-0.00519055,-0.5191
mace-mpa-0-medium,Sr,fcc,gamma_100,J/m^2,0.280881362,0.347,-0.190544,-19.0544
mace-mpa-0-medium,Sr,fcc,gamma_110,J/m^2,0.3288919779,0.407,-0.191912,-19.1912
mace-mpa-0-medium,Sr,fcc,gamma_111,J/m^2,0.2625764636,0.342,-0.232233,-23.2233
mace-mpa-0-medium,Sr,fcc,stacking_fault_energy,mJ/m^2,13.80522283,,,
mace-mpa-0-medium,Sr,fcc,cohesive_energy,eV/atom,1.617201079,,,
mace-mpa-0-medium,Cr,bcc,a0,Angstrom,2.865085771,2.862,0.00107819,0.1078
mace-mpa-0-medium,Cr,bcc,B0,GPa,205.4745702,160,0.284216,28.4216
mace-mpa-0-medium,Cr,bcc,B0_prime,dimensionless,2.027371019,4.934,-0.589102,-58.9102
mace-mpa-0-medium,Cr,bcc,vacancy_formation_energy,eV,3.195693061,3.0093,0.061939,6.1939
mace-mpa-0-medium,Cr,bcc,gamma_100,J/m^2,3.445860469,3.632,-0.0512499,-5.1250
mace-mpa-0-medium,Cr,bcc,gamma_110,J/m^2,3.072426871,3.201,-0.0401666,-4.0167
mace-mpa-0-medium,Cr,bcc,cohesive_energy,eV/atom,4.044898223,,,
mace-mpa-0-medium,Fe,bcc,a0,Angstrom,2.876740173,2.831,0.0161569,1.6157
mace-mpa-0-medium,Fe,bcc,B0,GPa,199.6322145,173,0.153943,15.3943
mace-mpa-0-medium,Fe,bcc,B0_prime,dimensionless,0.4475333421,,,
mace-mpa-0-medium,Fe,bcc,vacancy_formation_energy,eV,2.209548664,2.1914,0.00828177,0.8282
mace-mpa-0-medium,Fe,bcc,gamma_100,J/m^2,2.498629917,2.499,-0.000148092,-0.0148
mace-mpa-0-medium,Fe,bcc,gamma_110,J/m^2,2.327349563,2.447,-0.0488968,-4.8897
mace-mpa-0-medium,Fe,bcc,cohesive_energy,eV/atom,4.949471359,,,
mace-mpa-0-medium,Mo,bcc,a0,Angstrom,3.15122341,3.161,-0.00309288,-0.3093
mace-mpa-0-medium,Mo,bcc,B0,GPa,308.3700527,265.3,0.162345,16.2345
mace-mpa-0-medium,Mo,bcc,B0_prime,dimensionless,6.02062694,3.34,0.802583,80.2583
mace-mpa-0-medium,Mo,bcc,vacancy_formation_energy,eV,2.925418462,2.7955,0.0464741,4.6474
mace-mpa-0-medium,Mo,bcc,gamma_100,J/m^2,3.228687293,3.182,0.0146723,1.4672
mace-mpa-0-medium,Mo,bcc,gamma_110,J/m^2,2.755875977,2.797,-0.0147029,-1.4703
mace-mpa-0-medium,Mo,bcc,cohesive_energy,eV/atom,6.239832916,,,
mace-mpa-0-medium,Nb,bcc,a0,Angstrom,3.316976671,3.31,0.00210776,0.2108
mace-mpa-0-medium,Nb,bcc,B0,GPa,159.0873257,174,-0.085705,-8.5705
mace-mpa-0-medium,Nb,bcc,B0_prime,dimensionless,5.561496131,,,
mace-mpa-0-medium,Nb,bcc,vacancy_formation_energy,eV,2.613969467,2.6589,-0.0168982,-1.6898
mace-mpa-0-medium,Nb,bcc,gamma_100,J/m^2,2.183765018,2.275,-0.0401033,-4.0103
mace-mpa-0-medium,Nb,bcc,gamma_110,J/m^2,2.054506064,2.074,-0.0093992,-0.9399
mace-mpa-0-medium,Nb,bcc,cohesive_energy,eV/atom,6.936575889,,,
mace-mpa-0-medium,Ta,bcc,a0,Angstrom,3.31865645,3.318,0.000197845,0.0198
mace-mpa-0-medium,Ta,bcc,B0,GPa,202.8530952,194.2,0.0445576,4.4558
mace-mpa-0-medium,Ta,bcc,B0_prime,dimensionless,7.682367943,3.17,1.42346,142.3460
mace-mpa-0-medium,Ta,bcc,vacancy_formation_energy,eV,2.7615781,2.8759,-0.0397517,-3.9752
mace-mpa-0-medium,Ta,bcc,gamma_100,J/m^2,2.447208427,2.471,-0.00962832,-0.9628
mace-mpa-0-medium,Ta,bcc,gamma_110,J/m^2,2.207123952,2.342,-0.0575901,-5.7590
mace-mpa-0-medium,Ta,bcc,cohesive_energy,eV/atom,8.30215004,,,
mace-mpa-0-medium,V,bcc,a0,Angstrom,2.979386553,2.996,-0.00554521,-0.5545
mace-mpa-0-medium,V,bcc,B0,GPa,185.5164222,157,0.181633,18.1633
mace-mpa-0-medium,V,bcc,B0_prime,dimensionless,5.668819787,,,
mace-mpa-0-medium,V,bcc,vacancy_formation_energy,eV,2.726807164,2.0422,0.33523,33.5230
mace-mpa-0-medium,V,bcc,gamma_100,J/m^2,2.74552497,2.381,0.153097,15.3097
mace-mpa-0-medium,V,bcc,gamma_110,J/m^2,2.499431062,2.421,0.0323961,3.2396
mace-mpa-0-medium,V,bcc,cohesive_energy,eV/atom,5.410898519,,,
mace-mpa-0-medium,W,bcc,a0,Angstrom,3.174756076,3.183,-0.00258999,-0.2590
mace-mpa-0-medium,W,bcc,B0,GPa,368.4092789,314.2,0.172531,17.2531
mace-mpa-0-medium,W,bcc,B0_prime,dimensionless,7.908806384,3.82,1.07037,107.0368
mace-mpa-0-medium,W,bcc,vacancy_formation_energy,eV,3.403959182,3.231,0.0535312,5.3531
mace-mpa-0-medium,W,bcc,gamma_100,J/m^2,4.063883998,3.954,0.0277906,2.7791
mace-mpa-0-medium,W,bcc,gamma_110,J/m^2,3.264600013,3.228,0.0113383,1.1338
mace-mpa-0-medium,W,bcc,cohesive_energy,eV/atom,8.29228295,,,
mace-mpa-0-medium,Si,diamond,a0,Angstrom,5.467402582,5.466,0.000256601,0.0257
mace-mpa-0-medium,Si,diamond,B0,GPa,86.5676662,89.2,-0.0295105,-2.9510
mace-mpa-0-medium,Si,diamond,B0_prime,dimensionless,3.99961555,,,
mace-mpa-0-medium,Si,diamond,vacancy_formation_energy,eV,2.518926651,3.63,-0.306081,-30.6081
mace-mpa-0-medium,Si,diamond,cohesive_energy,eV/atom,4.588368178,,,
mace-mpa-0-medium,MgO,rocksalt,a0,Angstrom,4.256476762,4.255,0.000347065,0.0347
mace-mpa-0-medium,MgO,rocksalt,B0,GPa,148.119307,149,-0.00591069,-0.5911
mace-mpa-0-medium,MgO,rocksalt,B0_prime,dimensionless,4.241328248,4,0.0603321,6.0332
mace-mpa-0-medium,MgO,rocksalt,cohesive_energy,eV/atom,5.201172655,,,
mace-mpa-0-medium,NaCl,rocksalt,a0,Angstrom,5.713497406,5.7,0.00236797,0.2368
mace-mpa-0-medium,NaCl,rocksalt,B0,GPa,20.90367754,23.6,-0.114251,-11.4251
mace-mpa-0-medium,NaCl,rocksalt,B0_prime,dimensionless,3.860217261,5.09,-0.241608,-24.1608
mace-mpa-0-medium,NaCl,rocksalt,cohesive_energy,eV/atom,3.142986742,,,
mace-mpa-0-medium,NiAl,b2,a0,Angstrom,2.884634451,2.88,0.00160918,0.1609
mace-mpa-0-medium,NiAl,b2,B0,GPa,170.5191862,166,0.027224,2.7224
mace-mpa-0-medium,NiAl,b2,B0_prime,dimensionless,5.259216641,,,
mace-mpa-0-medium,NiAl,b2,formation_enthalpy,eV/atom,-0.6592730647,-0.6586,-0.00102196,-0.1022
mace-mpa-0-medium,NiAl,b2,cohesive_energy,eV/atom,4.846863716,,,
mace-mpa-0-medium,Ni3Al,l12,a0,Angstrom,3.561369037,3.565,-0.0010185,-0.1019
mace-mpa-0-medium,Ni3Al,l12,B0,GPa,159.382935,175,-0.0892404,-8.9240
mace-mpa-0-medium,Ni3Al,l12,B0_prime,dimensionless,4.918595327,,,
mace-mpa-0-medium,Ni3Al,l12,formation_enthalpy,eV/atom,-0.4262637141,-0.4325,0.0144192,1.4419
mace-mpa-0-medium,Ni3Al,l12,cohesive_energy,eV/atom,4.945793989,,,
